<?xml version="1.0" encoding="UTF-8"?>
<!DOCTYPE mapper
PUBLIC "-//mybatis.org//DTD Mapper 3.0//EN"
"http://mybatis.org/dtd/mybatis-3-mapper.dtd">
<mapper namespace="Board">

	<select id="getBoardList" resultType="boarddto" parameterType="hashmap">
<!-- 		SELECT * FROM  tbl_board ORDER BY BOARDNUM DESC  -->

		SELECT 	*
		FROM (SELECT 	rownum R, D.*
				FROM 	(SELECT * FROM TBL_BOARD ORDER BY BOARDNUM DESC) D) B
		WHERE 	B.R BETWEEN #{startRow}	AND #{endRow}
	</select>
	
	<select id="getBoardCnt" resultType="_int">
		SELECT COUNT(*) FROM TBL_BOARD
	</select>
	
	<insert id="insertBoard" parameterType="boarddto">
		INSERT INTO TBL_BOARD VALUES(BOARD_SEQ.NEXTVAL,#{boardtitle},#{boardcontent},#{username},SYSDATE,0)
	</insert>
	
	<select id="getDetail" parameterType="_int" resultType="boarddto">
		SELECT * FROM  tbl_board WHERE BOARDNUM = #{boardnum}
	</select>
	
	<update id="updateReadCount" parameterType="_int">
		UPDATE TBL_BOARD SET BOARDREADCOUNT = BOARDREADCOUNT  + 1 WHERE BOARDNUM = #{boardnum}
	</update>
	
	<select id="getSeq" resultType="_int">
		SELECT board_seq.CURRVAL FROM dual
	</select>

</mapper>
























